EnsemblID	GeneID	count
ENSG00000003096	90293	15
ENSG00000004776	126393	301
ENSG00000004777	115703	13
ENSG00000005022	292	110
ENSG00000005893	3920	1014
ENSG00000006432	4293	60
ENSG00000006659	56891	19
ENSG00000006712	54623	257
ENSG00000006756	414	57
ENSG00000006757	8228	90
ENSG00000007047	57787	129
ENSG00000007129	90273	9
ENSG00000007255	79090	18
ENSG00000007306	1087	51
ENSG00000007372	5080	2094
ENSG00000008056	6853	690
ENSG00000008438	8993	213
ENSG00000009694	10178	18472
ENSG00000009830	29954	102
ENSG00000010310	2696	380
ENSG00000011114	55727	33
ENSG00000011332	8193	14
ENSG00000011422	5329	3449
ENSG00000011478	54814	37
ENSG00000011485	5536	217
ENSG00000011590	27033	46
ENSG00000011600	7305	569
ENSG00000012061	2067	2330
ENSG00000012124	933	2297
ENSG00000012211	4007	8
ENSG00000012963	55148	21
ENSG00000012983	11183	32
ENSG00000013275	5704	86
ENSG00000013523	23357	5
ENSG00000015133	440193	73
ENSG00000015285	7454	1462
ENSG00000017483	92745	260
ENSG00000018610	63932	7
ENSG00000018869	147948	60
ENSG00000019485	56981	12
ENSG00000019505	57586	38
ENSG00000020426	4331	123
ENSG00000020577	23034	89
ENSG00000021488	11136	187
ENSG00000021645	9369	145
ENSG00000022267	2273	370
ENSG00000022556	55655	164
ENSG00000022976	55778	2
ENSG00000023608	6617	22
ENSG00000024422	30846	110
ENSG00000025434	10062	1125
ENSG00000026508	960	15386
ENSG00000027075	5583	125
ENSG00000028277	5452	737
ENSG00000029364	55334	55
ENSG00000030066	23279	35
ENSG00000032219	5926	50
ENSG00000033170	2530	321
ENSG00000036473	5009	683
ENSG00000036530	10858	231
ENSG00000040608	65078	390
ENSG00000041802	55341	13
ENSG00000042088	55775	299
ENSG00000042317	55812	39
ENSG00000042753	1175	80
ENSG00000046774	51438	151
ENSG00000047597	7504	173
ENSG00000049449	5954	93
ENSG00000049768	50943	13038
ENSG00000049769	89801	8
ENSG00000050130	51528	8
ENSG00000052841	55761	9
ENSG00000052850	60529	103
ENSG00000053254	1112	92
ENSG00000053524	23101	4
ENSG00000053770	55745	52
ENSG00000054654	23224	136
ENSG00000054690	57475	4
ENSG00000054983	2581	528
ENSG00000056277	55609	5
ENSG00000056998	8908	40
ENSG00000058866	1608	49
ENSG00000060749	79832	16
ENSG00000062096	416	39
ENSG00000062370	7771	2
ENSG00000063169	29998	32
ENSG00000063241	79763	6
ENSG00000063244	11338	331
ENSG00000063245	29924	81
ENSG00000063322	55588	30
ENSG00000063515	2928	11
ENSG00000063761	57143	13
ENSG00000065923	84679	31
ENSG00000065989	5141	1913
ENSG00000066336	6688	2924
ENSG00000066382	744	32
ENSG00000066427	4287	1169
ENSG00000066455	9950	39
ENSG00000066629	2009	49
ENSG00000066735	26153	20
ENSG00000066739	55102	74
ENSG00000068308	55593	60
ENSG00000068323	7030	1166
ENSG00000068354	4943	39
ENSG00000068394	27238	6
ENSG00000068400	56850	20
ENSG00000068438	24140	37
ENSG00000068903	22933	1172
ENSG00000068985	8712	18
ENSG00000069399	602	462
ENSG00000069509	139341	195
ENSG00000069535	4129	3144
ENSG00000070010	7353	167
ENSG00000070182	6710	422
ENSG00000070269	54916	17
ENSG00000070367	10640	26
ENSG00000070371	8218	65
ENSG00000070413	9993	64
ENSG00000070778	11099	44
ENSG00000071246	22846	154
ENSG00000071537	6400	175
ENSG00000072042	51109	37
ENSG00000072110	87	1926
ENSG00000072121	23503	92
ENSG00000072274	7037	8288
ENSG00000072415	64398	110
ENSG00000072609	55743	237
ENSG00000073008	5817	865
ENSG00000073050	7515	2277
ENSG00000073282	8626	6236
ENSG00000073712	10979	285
ENSG00000073792	10644	772
ENSG00000073803	9175	120
ENSG00000073849	6480	384
ENSG00000075407	7587	10
ENSG00000075413	4140	73
ENSG00000075702	284403	111
ENSG00000075711	1739	491
ENSG00000076650	55094	9
ENSG00000076662	3385	461
ENSG00000076716	2239	131
ENSG00000076770	55796	39
ENSG00000076928	9138	90
ENSG00000077312	6626	319
ENSG00000077348	56915	42
ENSG00000077713	203427	11
ENSG00000077721	7319	89
ENSG00000078061	369	294
ENSG00000078081	27074	617
ENSG00000078304	5527	50
ENSG00000079385	634	836
ENSG00000079432	23152	490
ENSG00000079435	3991	1075
ENSG00000079462	5050	42
ENSG00000079805	1785	681
ENSG00000079999	9817	3730
ENSG00000080031	5794	46
ENSG00000080511	50700	18
ENSG00000080573	50509	62
ENSG00000080815	5663	3829
ENSG00000080823	5891	292
ENSG00000080824	3320	9700
ENSG00000081177	55218	14
ENSG00000081181	384	282
ENSG00000083817	55659	4
ENSG00000083844	9422	13
ENSG00000085063	966	2068
ENSG00000085117	3732	776
ENSG00000085185	63035	123
ENSG00000086544	80271	47
ENSG00000086548	4680	469
ENSG00000087299	79944	87
ENSG00000087301	57544	4
ENSG00000087302	51637	73
ENSG00000087303	22795	108
ENSG00000088038	4849	71
ENSG00000088053	51206	1328
ENSG00000088808	23368	72
ENSG00000089327	53827	111
ENSG00000089335	55900	6
ENSG00000089351	57655	13
ENSG00000089356	5349	80
ENSG00000089723	78990	48
ENSG00000089737	57062	35
ENSG00000089775	7597	28
ENSG00000089902	23186	262
ENSG00000089916	55668	3
ENSG00000090006	8425	140
ENSG00000090013	645	102
ENSG00000090060	10914	740
ENSG00000090061	8812	98
ENSG00000090339	3383	20404
ENSG00000090372	29888	37
ENSG00000090512	26998	112
ENSG00000090520	51726	85
ENSG00000090530	55214	45
ENSG00000090534	7066	2840
ENSG00000090539	8646	174
ENSG00000090615	2802	46
ENSG00000090924	64857	31
ENSG00000090932	10683	332
ENSG00000090971	57106	13
ENSG00000092009	1215	1374
ENSG00000092010	5720	145
ENSG00000092020	55012	32
ENSG00000092036	54930	5
ENSG00000092051	84502	11
ENSG00000092054	4625	896
ENSG00000092067	1053	244
ENSG00000092068	23428	81
ENSG00000092094	55644	97
ENSG00000092096	51310	66
ENSG00000092098	55072	187
ENSG00000092108	23256	54
ENSG00000092140	55632	17
ENSG00000092148	25831	73
ENSG00000092199	3183	806
ENSG00000092200	57096	138
ENSG00000092201	11198	107
ENSG00000092203	9878	18
ENSG00000092208	8487	84
ENSG00000092295	7051	846
ENSG00000092330	26277	240
ENSG00000093009	8318	351
ENSG00000093010	1312	5312
ENSG00000094631	10013	1899
ENSG00000095752	3589	1952
ENSG00000099203	11018	6
ENSG00000099337	9424	46
ENSG00000099338	57828	2
ENSG00000099341	5714	76
ENSG00000099814	283638	7
ENSG00000099889	421	51
ENSG00000099899	27037	17
ENSG00000099901	5902	136
ENSG00000099904	29801	45
ENSG00000099910	84861	16
ENSG00000099917	51586	74
ENSG00000099937	3053	426
ENSG00000099940	9342	136
ENSG00000099942	1399	511
ENSG00000099949	8216	183
ENSG00000099957	9127	13
ENSG00000099960	6545	35
ENSG00000100023	23759	38
ENSG00000100027	29799	13
ENSG00000100030	5594	41261
ENSG00000100034	9647	75
ENSG00000100038	8940	67
ENSG00000100056	8220	50
ENSG00000100075	6576	172
ENSG00000100084	7290	215
ENSG00000100433	54207	118
ENSG00000100439	63874	14
ENSG00000100441	23351	16
ENSG00000100442	2287	81
ENSG00000100445	56948	8
ENSG00000100448	1511	2506
ENSG00000100450	2999	160
ENSG00000100453	3002	5342
ENSG00000100461	55147	10
ENSG00000100462	10419	865
ENSG00000100473	1690	203
ENSG00000100478	11154	21
ENSG00000100479	5427	64
ENSG00000100483	79609	10
ENSG00000100485	6655	121
ENSG00000100490	8814	40
ENSG00000100503	51199	138
ENSG00000100504	5836	124
ENSG00000100505	114088	68
ENSG00000100519	5706	64
ENSG00000100522	64841	58
ENSG00000100523	80821	45
ENSG00000100526	1033	905
ENSG00000100528	10175	11
ENSG00000100532	10668	14
ENSG00000100554	51382	15
ENSG00000100557	55195	3
ENSG00000100558	26499	53
ENSG00000100564	5283	22
ENSG00000100565	145497	769
ENSG00000100567	5684	121
ENSG00000100568	10490	234
ENSG00000100575	26520	40
ENSG00000100577	2954	132
ENSG00000100578	9786	44
ENSG00000100580	283578	2
ENSG00000100583	161394	1
ENSG00000100591	10598	150
ENSG00000100592	23002	118
ENSG00000100593	145501	11
ENSG00000100596	9517	96
ENSG00000100599	79890	54
ENSG00000100600	5641	502
ENSG00000100601	8846	978
ENSG00000100603	22938	114
ENSG00000100604	1113	5747
ENSG00000100605	3705	43
ENSG00000100612	51635	19
ENSG00000100614	5494	243
ENSG00000100625	51804	72
ENSG00000100626	57452	19
ENSG00000100628	51676	52
ENSG00000100629	145508	14
ENSG00000100632	2079	63
ENSG00000100644	3091	22499
ENSG00000100647	9766	12
ENSG00000100650	6430	179
ENSG00000100652	6554	857
ENSG00000100664	1983	138
ENSG00000100665	5267	231
ENSG00000100678	6547	123
ENSG00000100697	23405	2998
ENSG00000100711	79038	12
ENSG00000100714	4522	318
ENSG00000100721	8115	428
ENSG00000100722	79882	39
ENSG00000100731	22990	11
ENSG00000100739	623	877
ENSG00000100744	51527	31
ENSG00000100749	7443	226
ENSG00000100764	5700	42
ENSG00000100767	89932	18
ENSG00000100784	9252	315
ENSG00000100796	55671	22
ENSG00000100802	60686	3
ENSG00000100804	5693	163
ENSG00000100811	7528	1780
ENSG00000100813	22985	90
ENSG00000100814	57820	41
ENSG00000100815	9321	74
ENSG00000100823	328	2515
ENSG00000100836	8106	287
ENSG00000100842	10278	271
ENSG00000100852	394	84
ENSG00000100865	51550	17
ENSG00000100867	10202	131
ENSG00000100883	6729	170
ENSG00000100884	9362	19
ENSG00000100888	57680	209
ENSG00000100889	5106	780
ENSG00000100890	9692	57
ENSG00000100897	80344	35
ENSG00000100902	5687	93
ENSG00000100906	4792	8334
ENSG00000100908	51016	5
ENSG00000100911	5721	99
ENSG00000100916	84312	11
ENSG00000100918	9985	105
ENSG00000100926	10548	32
ENSG00000100934	10484	77
ENSG00000100938	51292	11
ENSG00000100941	5411	184
ENSG00000100949	5875	14
ENSG00000100968	4776	170
ENSG00000101846	412	931
ENSG00000101856	10857	577
ENSG00000101882	79576	49
ENSG00000101883	158800	22
ENSG00000101883	104797536	769
ENSG00000101892	23439	33
ENSG00000101928	56180	12
ENSG00000101940	64743	5
ENSG00000101945	6839	450
ENSG00000101951	9506	36
ENSG00000101955	8406	49
ENSG00000101966	331	3614
ENSG00000101972	10735	368
ENSG00000101974	286410	40
ENSG00000101977	4168	331
ENSG00000101981	2158	3357
ENSG00000101997	28952	34
ENSG00000102001	778	195
ENSG00000102003	6855	5643
ENSG00000102007	5355	260
ENSG00000102034	2000	337
ENSG00000102038	6594	137
ENSG00000102055	80316	4
ENSG00000102057	3750	35
ENSG00000102078	9016	59
ENSG00000102096	11040	356
ENSG00000102100	7355	163
ENSG00000102103	10084	131
ENSG00000102109	27344	222
ENSG00000102145	2623	1895
ENSG00000102218	6102	277
ENSG00000102221	9767	11
ENSG00000102225	5127	79
ENSG00000102226	8237	121
ENSG00000102239	680	218
ENSG00000102241	27336	34
ENSG00000102243	51442	34
ENSG00000102245	959	6637
ENSG00000102265	7076	8342
ENSG00000102312	64840	217
ENSG00000102317	5935	186
ENSG00000102575	54	951
ENSG00000104044	4948	606
ENSG00000104783	3783	786
ENSG00000104814	11184	174
ENSG00000104823	1891	58
ENSG00000104824	3191	231
ENSG00000104825	4793	353
ENSG00000104835	54938	44
ENSG00000104853	1209	34
ENSG00000104856	5971	812
ENSG00000104859	11129	72
ENSG00000104866	284352	2
ENSG00000104879	1158	639
ENSG00000104881	10848	201
ENSG00000104884	2068	1950
ENSG00000104892	147700	22
ENSG00000104936	1760	991
ENSG00000104941	81492	16
ENSG00000104967	4858	62
ENSG00000104972	10859	1121
ENSG00000104974	11024	16
ENSG00000104983	729440	5
ENSG00000105048	7138	1208
ENSG00000105063	22870	15
ENSG00000105088	93145	35
ENSG00000105136	79744	7
ENSG00000105146	6795	166
ENSG00000105171	10775	55
ENSG00000105173	898	1412
ENSG00000105176	8725	119
ENSG00000105185	9141	178
ENSG00000105186	84079	33
ENSG00000105193	6217	261
ENSG00000105197	92609	54
ENSG00000105198	29124	215
ENSG00000105202	2091	569
ENSG00000105204	9149	160
ENSG00000105205	1178	503
ENSG00000105219	79935	5
ENSG00000105220	2821	1923
ENSG00000105221	208	1350
ENSG00000105223	23646	95
ENSG00000105227	57716	311
ENSG00000105245	9253	75
ENSG00000105254	1155	29
ENSG00000105258	5438	23
ENSG00000105261	728361	4
ENSG00000105270	25999	15
ENSG00000105281	6510	708
ENSG00000105287	25865	82
ENSG00000105290	333	156
ENSG00000105321	26093	3
ENSG00000105323	11100	53
ENSG00000105327	27113	1916
ENSG00000105329	7040	69865
ENSG00000105341	55101	1
ENSG00000105352	1089	131
ENSG00000105364	51073	13
ENSG00000105369	973	29811
ENSG00000105371	3386	71
ENSG00000105372	6223	336
ENSG00000105373	29997	71
ENSG00000105376	7087	116
ENSG00000105388	1048	806
ENSG00000105397	7297	1332
ENSG00000105401	11140	381
ENSG00000105402	8775	492
ENSG00000105404	10567	62
ENSG00000105409	478	366
ENSG00000105419	56917	17
ENSG00000105427	84518	13
ENSG00000105429	1954	32
ENSG00000105514	9545	80
ENSG00000105518	374882	13
ENSG00000105520	64748	5
ENSG00000105568	5518	203
ENSG00000105605	59284	10
ENSG00000105609	10990	22
ENSG00000105617	79165	769
ENSG00000105618	26121	334
ENSG00000105619	29844	133
ENSG00000105668	11045	70
ENSG00000105672	2116	109
ENSG00000105675	495	110
ENSG00000105677	10430	29
ENSG00000105679	26330	86
ENSG00000105695	4099	1328
ENSG00000105697	57817	4146
ENSG00000105698	7392	332
ENSG00000105699	51599	98
ENSG00000105707	3249	305
ENSG00000105711	6324	236
ENSG00000105722	2077	374
ENSG00000105723	2931	565
ENSG00000105732	64763	5
ENSG00000105737	2901	156
ENSG00000105738	23094	16
ENSG00000105755	23474	86
ENSG00000105767	199731	38
ENSG00000105771	56006	35
ENSG00000108106	27338	277
ENSG00000108107	6158	38
ENSG00000109881	91057	19
ENSG00000109911	26610	67
ENSG00000109919	23788	128
ENSG00000109920	23360	18
ENSG00000110422	10114	218
ENSG00000110427	25758	6
ENSG00000110429	26273	56
ENSG00000110435	8050	132
ENSG00000110436	6506	989
ENSG00000110442	29099	7
ENSG00000110455	84680	190
ENSG00000110492	4192	880
ENSG00000110497	55626	184
ENSG00000110514	8567	173
ENSG00000110536	114971	37
ENSG00000112787	57666	14
ENSG00000113790	1962	145
ENSG00000113838	55171	2
ENSG00000113889	3827	6901
ENSG00000113905	3273	491
ENSG00000113916	604	3620
ENSG00000113946	10686	164
ENSG00000114062	7337	992
ENSG00000114279	2257	124
ENSG00000114315	3280	1719
ENSG00000114331	23527	31
ENSG00000114473	84223	7
ENSG00000114503	22916	111
ENSG00000114770	10057	416
ENSG00000114796	54800	58
ENSG00000114859	1181	309
ENSG00000114867	1981	1406
ENSG00000116574	58480	83
ENSG00000117877	10849	56
ENSG00000118156	84215	10
ENSG00000118160	6543	83
ENSG00000118162	11133	20
ENSG00000119227	80235	16
ENSG00000119231	205564	41
ENSG00000119596	56252	15
ENSG00000119599	26094	8
ENSG00000119608	283571	5
ENSG00000119614	338917	162
ENSG00000119616	51077	83
ENSG00000119630	5228	3990
ENSG00000119632	83982	3
ENSG00000119636	80127	2
ENSG00000119638	91754	81
ENSG00000119640	97	11
ENSG00000119650	112752	175
ENSG00000119655	10577	534
ENSG00000119661	83544	15
ENSG00000119669	64207	59
ENSG00000119681	4053	218
ENSG00000119682	9870	13
ENSG00000119684	27030	174
ENSG00000119685	23093	71
ENSG00000119686	55640	42
ENSG00000119688	5826	52
ENSG00000119689	1743	160
ENSG00000119698	57718	5
ENSG00000119699	7043	2118
ENSG00000119703	79696	2
ENSG00000119705	81892	49
ENSG00000119707	58517	41
ENSG00000119711	4329	55
ENSG00000119714	8111	164
ENSG00000119715	2103	439
ENSG00000119718	8892	46
ENSG00000119720	55051	11
ENSG00000119723	51004	46
ENSG00000119725	57862	134
ENSG00000120784	22835	4
ENSG00000121289	84902	18
ENSG00000121297	57616	37
ENSG00000121406	256051	4
ENSG00000121621	81930	147
ENSG00000121653	9479	186
ENSG00000121671	1408	551
ENSG00000121680	9409	69
ENSG00000121690	91614	8
ENSG00000121691	847	28857
ENSG00000122068	84248	3
ENSG00000122121	7512	57
ENSG00000122122	54440	54
ENSG00000122126	4952	312
ENSG00000122824	170685	40
ENSG00000123165	139741	58
ENSG00000123444	55709	16
ENSG00000123728	57826	31
ENSG00000123810	80776	15
ENSG00000123815	79934	57
ENSG00000124299	5184	569
ENSG00000124302	64377	22
ENSG00000124422	23326	249
ENSG00000124440	64344	200
ENSG00000124444	79177	769
ENSG00000124449	56269	7
ENSG00000124459	7596	9
ENSG00000124466	27076	67
ENSG00000124469	1088	854
ENSG00000124479	4693	341
ENSG00000124486	8239	355
ENSG00000125351	65109	102
ENSG00000125352	7737	25
ENSG00000125354	23157	95
ENSG00000125355	55026	5
ENSG00000125356	4694	54
ENSG00000125375	27109	1
ENSG00000125378	652	2941
ENSG00000125384	5732	1072
ENSG00000125503	54776	35
ENSG00000125505	79143	202
ENSG00000125675	2892	309
ENSG00000125676	57187	39
ENSG00000125740	2354	1774
ENSG00000125741	80207	64
ENSG00000125743	6633	47
ENSG00000125744	6253	38
ENSG00000125746	24139	12
ENSG00000125753	7408	1215
ENSG00000125755	8189	160
ENSG00000125952	4149	92
ENSG00000125954	100529261	769
ENSG00000126214	3831	112
ENSG00000126215	7517	822
ENSG00000126243	79414	9
ENSG00000126246	79713	12
ENSG00000126247	826	129
ENSG00000126249	84306	12
ENSG00000126251	2866	5
ENSG00000126254	79171	9
ENSG00000126259	84063	44
ENSG00000126261	10054	152
ENSG00000126262	2867	388
ENSG00000126264	10870	137
ENSG00000126266	2864	488
ENSG00000126267	1340	51
ENSG00000126583	5582	470
ENSG00000126756	8409	58
ENSG00000126759	5199	1100
ENSG00000126767	2002	1211
ENSG00000126768	10245	13
ENSG00000126773	64430	3
ENSG00000126775	22863	294
ENSG00000126777	3895	100
ENSG00000126778	6495	468
ENSG00000126785	57381	131
ENSG00000126787	9787	247
ENSG00000126790	112849	10
ENSG00000126803	3306	290
ENSG00000126804	22890	17
ENSG00000126814	57570	26
ENSG00000126821	81537	44
ENSG00000126822	26030	13
ENSG00000127152	64919	380
ENSG00000127241	5648	546
ENSG00000127249	84239	15
ENSG00000127252	57110	476
ENSG00000127445	5300	1261
ENSG00000127452	54850	15
ENSG00000127616	6597	2306
ENSG00000127903	90485	1
ENSG00000128000	163131	2
ENSG00000128011	57622	19
ENSG00000128016	7538	829
ENSG00000128185	85359	3
ENSG00000128191	54487	475
ENSG00000128228	23753	17
ENSG00000128626	6183	21
ENSG00000128731	8924	204
ENSG00000128739	6638	610
ENSG00000129151	8424	158
ENSG00000129347	65095	7
ENSG00000129351	3609	354
ENSG00000129353	57153	94
ENSG00000129354	10053	145
ENSG00000129355	1032	334
ENSG00000129460	25983	91
ENSG00000129465	11035	1471
ENSG00000129467	196883	112
ENSG00000129472	84932	24
ENSG00000129473	599	519
ENSG00000129474	84962	119
ENSG00000129480	112487	11
ENSG00000129484	10038	433
ENSG00000129493	25938	2
ENSG00000129514	3169	1307
ENSG00000129521	112399	368
ENSG00000129534	55320	38
ENSG00000129535	4901	231
ENSG00000129538	6035	1607
ENSG00000129559	4738	720
ENSG00000129562	1603	121
ENSG00000129566	7011	322
ENSG00000129675	9459	84
ENSG00000129680	79649	18
ENSG00000129682	2258	138
ENSG00000129990	6861	23
ENSG00000129991	7137	4553
ENSG00000130021	8226	87
ENSG00000130158	57572	65
ENSG00000130159	51295	34
ENSG00000130164	3949	7973
ENSG00000130165	84337	11
ENSG00000130167	26526	50
ENSG00000130173	55908	277
ENSG00000130175	5589	118
ENSG00000130176	1264	193
ENSG00000130202	5819	445
ENSG00000130203	348	24181
ENSG00000130204	10452	487
ENSG00000130208	341	765
ENSG00000130244	147965	1
ENSG00000130385	9210	408
ENSG00000130402	81	496
ENSG00000130433	59285	5
ENSG00000130669	10298	387
ENSG00000130733	78992	15
ENSG00000130734	84971	59
ENSG00000130748	54958	8
ENSG00000130749	23211	28
ENSG00000130751	4861	15
ENSG00000130755	9535	43
ENSG00000130758	4294	136
ENSG00000130810	56342	62
ENSG00000130811	8666	42
ENSG00000130812	83854	126
ENSG00000130813	55337	14
ENSG00000130816	1786	4688
ENSG00000130818	79088	6
ENSG00000130876	56301	85
ENSG00000130881	4037	14
ENSG00000130962	5638	7
ENSG00000130985	7317	402
ENSG00000130988	9104	201
ENSG00000131037	54869	15
ENSG00000131042	10288	432
ENSG00000131115	7770	1
ENSG00000131116	126299	3
ENSG00000131126	83639	45
ENSG00000131323	7187	1009
ENSG00000131724	3597	369
ENSG00000131725	54521	14
ENSG00000131808	2488	555
ENSG00000131845	57343	17
ENSG00000131848	79149	3
ENSG00000131864	57663	42
ENSG00000131941	85415	42
ENSG00000131943	83636	87
ENSG00000131944	91442	31
ENSG00000131951	341883	2
ENSG00000131966	55860	3
ENSG00000131969	145447	9
ENSG00000131979	2643	831
ENSG00000131981	3958	4863
ENSG00000132010	7568	7
ENSG00000133247	84787	65
ENSG00000133265	23640	122
ENSG00000133657	79572	34
ENSG00000133935	11161	15
ENSG00000133937	145258	146
ENSG00000133943	80017	12
ENSG00000133958	57578	28
ENSG00000133961	101928143	2
ENSG00000133961	8650	533
ENSG00000133962	79820	11
ENSG00000133980	55237	5
ENSG00000133983	51241	15
ENSG00000133985	23508	10
ENSG00000133997	10001	19
ENSG00000134001	1965	619
ENSG00000134007	8748	12
ENSG00000134343	63982	67
ENSG00000134569	4038	369
ENSG00000134571	4607	903
ENSG00000134574	1643	415
ENSG00000134575	53	153
ENSG00000134588	83844	69
ENSG00000134590	8933	4
ENSG00000134594	9363	15
ENSG00000134595	6658	360
ENSG00000134597	51634	9
ENSG00000134602	51765	97
ENSG00000134815	9704	20
ENSG00000134830	27202	176
ENSG00000135362	79899	14
ENSG00000135363	4005	460
ENSG00000135365	51317	45
ENSG00000135372	55226	228
ENSG00000135373	26298	144
ENSG00000135374	2001	125
ENSG00000135378	79056	20
ENSG00000135387	4076	127
ENSG00000136305	27141	70
ENSG00000136319	91875	23
ENSG00000136327	26257	15
ENSG00000136352	7080	2399
ENSG00000136367	85446	20
ENSG00000136514	64108	41
ENSG00000136527	6434	131
ENSG00000136732	2995	722
ENSG00000139865	319089	4
ENSG00000139874	6751	295
ENSG00000139880	64403	9
ENSG00000139890	161253	52
ENSG00000139899	643866	8
ENSG00000139908	283629	18
ENSG00000139910	4857	133
ENSG00000139914	161247	10
ENSG00000139915	161357	28
ENSG00000139921	81542	67
ENSG00000139926	122786	109
ENSG00000139946	57161	31
ENSG00000139970	6252	61
ENSG00000139971	145407	2
ENSG00000139973	83851	8
ENSG00000139974	145389	12
ENSG00000139977	122830	14
ENSG00000139985	8747	14
ENSG00000139988	145226	149
ENSG00000139990	8816	4
ENSG00000139998	376267	19
ENSG00000140006	112840	6
ENSG00000140009	2100	6263
ENSG00000140015	27133	52
ENSG00000140022	85439	42
ENSG00000140025	90141	7
ENSG00000140030	8477	127
ENSG00000140043	145482	21
ENSG00000140044	122953	111
ENSG00000140057	122481	37
ENSG00000140067	90050	9
ENSG00000140090	123041	85
ENSG00000140092	10516	307
ENSG00000140093	51156	108
ENSG00000140104	122616	2
ENSG00000140105	7453	1065
ENSG00000140107	283600	7
ENSG00000140153	91833	20
ENSG00000140157	81614	45
ENSG00000141946	114026	13
ENSG00000142025	63946	7
ENSG00000142039	90324	2
ENSG00000142046	641649	2
ENSG00000142065	57677	3
ENSG00000142208	207	84952
ENSG00000142230	10055	126
ENSG00000142252	79760	22
ENSG00000142273	23624	234
ENSG00000142279	126374	34
ENSG00000142405	91662	275
ENSG00000142408	59283	35
ENSG00000142409	126208	8
ENSG00000142444	90580	7
ENSG00000142453	10498	428
ENSG00000142556	80110	1
ENSG00000145012	4026	279
ENSG00000145014	93109	10
ENSG00000145016	9711	132
ENSG00000145107	116211	17
ENSG00000145113	4585	1108
ENSG00000145191	8893	210
ENSG00000145192	197	1772
ENSG00000145194	9718	61
ENSG00000145198	90113	3
ENSG00000146757	168374	6
ENSG00000146938	57502	101
ENSG00000147036	347404	1
ENSG00000147041	94122	17
ENSG00000147044	8573	295
ENSG00000147050	7403	802
ENSG00000147059	54466	6
ENSG00000147082	85417	107
ENSG00000147113	79742	8
ENSG00000147117	7712	4
ENSG00000147118	7569	13
ENSG00000147119	56548	25
ENSG00000147121	55634	5
ENSG00000147123	54539	51
ENSG00000147124	7592	15
ENSG00000147144	90060	2
ENSG00000147155	10682	358
ENSG00000147251	139818	94
ENSG00000147255	3547	99
ENSG00000147256	158763	14
ENSG00000147257	2719	1666
ENSG00000147262	139760	223
ENSG00000147274	27316	121
ENSG00000147481	54212	27
ENSG00000147789	7553	23
ENSG00000147799	80728	10
ENSG00000148942	159963	19
ENSG00000148943	55327	22
ENSG00000148948	57689	32
ENSG00000148950	196294	11
ENSG00000149084	51144	79
ENSG00000149089	51074	29
ENSG00000149090	25891	31
ENSG00000149091	8525	148
ENSG00000149100	10480	41
ENSG00000149177	5795	261
ENSG00000149179	79096	3
ENSG00000149182	84364	21
ENSG00000149187	10658	292
ENSG00000150527	4253	67
ENSG00000151320	9472	53
ENSG00000151322	64067	70
ENSG00000151327	101927178	769
ENSG00000151327	283635	13
ENSG00000151332	51562	18
ENSG00000151338	145282	19
ENSG00000151348	2132	384
ENSG00000151413	80224	46
ENSG00000151445	63894	51
ENSG00000151748	60485	163
ENSG00000151789	79750	15
ENSG00000151812	341880	4
ENSG00000151838	729665	1
ENSG00000152219	120534	12
ENSG00000152315	56659	29
ENSG00000152433	284306	1
ENSG00000152439	374928	6
ENSG00000152492	152137	32
ENSG00000153485	26175	11
ENSG00000153879	1054	79
ENSG00000153885	79047	86
ENSG00000153896	148103	2
ENSG00000153902	163175	24
ENSG00000154001	5529	31
ENSG00000155052	129684	26
ENSG00000155249	79544	769
ENSG00000155463	5018	184
ENSG00000155465	9056	174
ENSG00000155495	9947	144
ENSG00000155622	9502	9
ENSG00000156030	91748	12
ENSG00000156050	145483	4
ENSG00000156127	10538	239
ENSG00000156298	7102	113
ENSG00000156313	6103	565
ENSG00000156381	122416	5
ENSG00000156411	9556	5
ENSG00000156414	122402	30
ENSG00000156500	159091	1
ENSG00000156504	159090	2
ENSG00000156531	84295	293
ENSG00000156697	10813	22
ENSG00000156709	9131	1813
ENSG00000156920	139378	15
ENSG00000156925	7547	152
ENSG00000156931	23355	15
ENSG00000156976	1974	540
ENSG00000157005	6750	10430
ENSG00000157227	4323	3186
ENSG00000157326	10901	49
ENSG00000157379	115817	8
ENSG00000157399	415	56
ENSG00000157570	90139	43
ENSG00000157613	90993	199
ENSG00000158290	8450	232
ENSG00000158352	57477	141
ENSG00000159871	284348	14
ENSG00000159882	7773	8
ENSG00000159885	7673	6
ENSG00000159905	7638	769
ENSG00000159915	353355	1
ENSG00000159917	9310	3
ENSG00000160007	2909	201
ENSG00000160013	5739	342
ENSG00000160014	808	954
ENSG00000160321	7757	28
ENSG00000160392	126526	769
ENSG00000160396	147746	8
ENSG00000160410	92799	52
ENSG00000160439	112724	9
ENSG00000160460	57731	50
ENSG00000160469	84446	107
ENSG00000160471	125965	12
ENSG00000160472	147744	7
ENSG00000160505	147945	49
ENSG00000160570	162989	15
ENSG00000161016	6132	65
ENSG00000161179	150223	7
ENSG00000161180	164592	4
ENSG00000161202	1857	192
ENSG00000161203	1173	155
ENSG00000161204	55324	8
ENSG00000161217	5130	114
ENSG00000161243	126433	8
ENSG00000161249	93099	28
ENSG00000161265	199746	16
ENSG00000161267	622	83
ENSG00000161270	4868	1649
ENSG00000161277	199745	769
ENSG00000161281	1346	52
ENSG00000161298	84911	75
ENSG00000161551	84765	12
ENSG00000161847	125950	28
ENSG00000161888	147841	56
ENSG00000161914	115950	2
ENSG00000163347	9076	2144
ENSG00000163872	55689	32
ENSG00000163882	5437	31
ENSG00000163888	94032	15
ENSG00000163898	200879	312
ENSG00000163900	90407	4
ENSG00000163904	59343	150
ENSG00000163918	5984	108
ENSG00000163923	116832	19
ENSG00000163958	131540	19
ENSG00000163959	200931	103
ENSG00000163960	26043	30
ENSG00000163961	165918	250
ENSG00000163964	54965	11
ENSG00000163975	4241	529
ENSG00000165168	1536	2776
ENSG00000165169	6990	32
ENSG00000165175	58526	24
ENSG00000165355	254170	10
ENSG00000165359	203522	7
ENSG00000165370	83550	69
ENSG00000165379	145581	25
ENSG00000165389	171546	14
ENSG00000165409	7253	4716
ENSG00000165410	1073	98
ENSG00000165417	2957	223
ENSG00000165496	140801	10
ENSG00000165501	122769	24
ENSG00000165502	6166	8
ENSG00000165506	55172	34
ENSG00000165509	139081	32
ENSG00000165516	23588	61
ENSG00000165521	161436	4
ENSG00000165525	9147	31
ENSG00000165527	382	824
ENSG00000165533	123016	51
ENSG00000165548	57156	39
ENSG00000165553	58157	452
ENSG00000165555	122945	1
ENSG00000165588	5015	478
ENSG00000165591	158584	25
ENSG00000165617	51339	96
ENSG00000165675	10495	65
ENSG00000165694	90167	108
ENSG00000165704	3251	2926
ENSG00000165762	390431	1
ENSG00000165782	90809	17
ENSG00000165792	64745	10
ENSG00000165794	29986	91
ENSG00000165795	57447	304
ENSG00000165799	84659	160
ENSG00000165801	55701	31
ENSG00000165804	51222	14
ENSG00000165807	145376	3
ENSG00000165819	56339	3629
ENSG00000165821	6297	72
ENSG00000165861	53349	77
ENSG00000165898	122961	51
ENSG00000165905	120071	18
ENSG00000165912	29763	24
ENSG00000165914	145567	13
ENSG00000165915	91252	24
ENSG00000165916	5702	59
ENSG00000165917	5913	331
ENSG00000165923	79841	255
ENSG00000165929	123036	22
ENSG00000165934	53981	38
ENSG00000165943	64112	183
ENSG00000165948	122509	6
ENSG00000165949	3429	1043
ENSG00000165953	145264	542
ENSG00000165959	79789	16
ENSG00000166016	25841	4
ENSG00000166090	64806	933
ENSG00000166091	116173	37
ENSG00000166126	81693	83
ENSG00000166165	1152	758
ENSG00000166166	115708	32
ENSG00000166170	9529	52
ENSG00000166181	8539	78
ENSG00000166183	374569	529
ENSG00000166199	221120	132
ENSG00000166206	2562	292
ENSG00000166289	79156	27
ENSG00000166326	54765	95
ENSG00000166349	5896	1128
ENSG00000166352	119710	9
ENSG00000166359	126248	2
ENSG00000166398	9710	2
ENSG00000166428	122618	29
ENSG00000167378	126298	3
ENSG00000167380	7769	3
ENSG00000167384	7733	5
ENSG00000167414	94235	15
ENSG00000167554	162963	5
ENSG00000167555	84436	6
ENSG00000167562	55762	2
ENSG00000167565	29946	18
ENSG00000167578	53916	26
ENSG00000167595	148137	2
ENSG00000167600	29785	75
ENSG00000167601	558	2009
ENSG00000167604	84807	38
ENSG00000167608	147798	34
ENSG00000167613	3903	255
ENSG00000167614	57348	36
ENSG00000167615	114823	7
ENSG00000167617	148170	15
ENSG00000167618	3904	61
ENSG00000167619	284339	1
ENSG00000167625	116115	5
ENSG00000167637	284349	3
ENSG00000167641	94274	172
ENSG00000167642	10653	213
ENSG00000167644	64073	28
ENSG00000167645	90522	12
ENSG00000167646	352909	29
ENSG00000167685	55311	13
ENSG00000167766	55769	4
ENSG00000168175	93487	12
ENSG00000168229	5729	1574
ENSG00000168282	4247	93
ENSG00000168333	492307	1
ENSG00000168348	84684	114
ENSG00000168350	123099	20
ENSG00000168398	624	1358
ENSG00000168661	90075	6
ENSG00000168813	22847	6
ENSG00000168952	29091	26
ENSG00000169021	7386	118
ENSG00000169059	51481	29
ENSG00000169208	26533	2
ENSG00000169327	390445	1
ENSG00000169385	6036	621
ENSG00000169397	6037	2910
ENSG00000169413	6039	44
ENSG00000169446	93380	2
ENSG00000169484	122740	769
ENSG00000169488	81127	3
ENSG00000169515	83987	59
ENSG00000169519	196074	11
ENSG00000169550	143662	85
ENSG00000169575	7441	159
ENSG00000170054	327657	46
ENSG00000170099	866	1023
ENSG00000170270	84520	10
ENSG00000170345	2353	11654
ENSG00000170348	10972	97
ENSG00000170468	79697	22
ENSG00000170604	26145	12
ENSG00000170608	3171	112
ENSG00000170619	28991	15
ENSG00000170631	7564	7
ENSG00000170684	162979	17
ENSG00000170779	55038	46
ENSG00000170889	6203	55
ENSG00000170892	79042	15
ENSG00000170906	4696	63
ENSG00000170909	126014	191
ENSG00000170946	120526	13
ENSG00000170949	90338	9
ENSG00000170954	55786	14
ENSG00000170956	1084	17173
ENSG00000170959	341019	13
ENSG00000170965	10761	102
ENSG00000171004	90161	43
ENSG00000171049	2358	851
ENSG00000171051	2357	1781
ENSG00000171054	347468	6
ENSG00000171155	29071	133
ENSG00000171161	79894	2
ENSG00000171163	55657	35
ENSG00000171291	90594	4
ENSG00000171295	126070	4
ENSG00000171365	1184	391
ENSG00000171388	8862	1437
ENSG00000171425	51545	2
ENSG00000171433	392465	1
ENSG00000171443	147807	2
ENSG00000171466	54811	2
ENSG00000171469	93134	4
ENSG00000171487	126206	118
ENSG00000171489	389852	7
ENSG00000171649	284307	12
ENSG00000171657	27197	7
ENSG00000171659	2857	64
ENSG00000171723	10243	432
ENSG00000171747	3960	1536
ENSG00000171777	115727	25
ENSG00000171804	83889	5
ENSG00000171817	163255	7
ENSG00000171827	148268	2
ENSG00000172061	131578	91
ENSG00000172208	119764	3
ENSG00000172247	114900	31
ENSG00000172578	89857	40
ENSG00000172590	122704	12
ENSG00000172717	161142	5
ENSG00000173275	203523	7
ENSG00000173431	122665	7
ENSG00000173464	122651	5
ENSG00000173572	126204	12
ENSG00000173581	29903	8
ENSG00000173809	91646	5
ENSG00000173928	126074	10
ENSG00000173950	152002	20
ENSG00000174004	375387	14
ENSG00000174007	84984	14
ENSG00000174013	200933	54
ENSG00000174373	253959	41
ENSG00000174450	283685	16
ENSG00000174460	170261	20
ENSG00000174521	148014	1
ENSG00000174652	10781	24
ENSG00000174667	125958	17
ENSG00000175077	132112	13
ENSG00000175097	5897	896
ENSG00000175104	7189	1814
ENSG00000175137	80851	3
ENSG00000175143	26696	769
ENSG00000175166	5708	111
ENSG00000175182	131408	3
ENSG00000175193	55486	102
ENSG00000175213	79797	33
ENSG00000175216	9793	155
ENSG00000175220	392	465
ENSG00000175224	9776	241
ENSG00000175264	8534	47
ENSG00000175274	9537	22
ENSG00000175395	219749	6
ENSG00000175556	79836	1
ENSG00000175619	119765	2
ENSG00000175699	256369	1
ENSG00000175785	145270	140
ENSG00000175985	400224	2
ENSG00000176024	79898	769
ENSG00000176102	1479	37
ENSG00000176148	55346	2
ENSG00000176153	2877	333
ENSG00000176165	2290	654
ENSG00000176182	339344	5
ENSG00000176198	390442	2
ENSG00000176219	122748	1
ENSG00000176222	100505715	1
ENSG00000176222	342908	5
ENSG00000176230	390436	769
ENSG00000176246	122742	1
ENSG00000176253	390433	769
ENSG00000176281	79317	1
ENSG00000176290	283617	769
ENSG00000176294	390429	3
ENSG00000176299	441670	7
ENSG00000176396	163126	23
ENSG00000176401	126272	769
ENSG00000176435	161198	44
ENSG00000176438	161176	26
ENSG00000176472	284346	2
ENSG00000176473	79446	2
ENSG00000176531	653583	3
ENSG00000176540	79346	1
ENSG00000176547	256144	2
ENSG00000176555	256148	1
ENSG00000176567	390113	2
ENSG00000176597	84002	40
ENSG00000176697	627	16169
ENSG00000176894	5827	14
ENSG00000176903	9240	90
ENSG00000176915	23141	29
ENSG00000176971	387758	10
ENSG00000177045	147912	80
ENSG00000177051	23403	4
ENSG00000177084	5426	27
ENSG00000177108	283576	6
ENSG00000177174	127066	769
ENSG00000177186	391196	1
ENSG00000177191	374907	34
ENSG00000177383	64110	8
ENSG00000177464	2828	123
ENSG00000177485	10009	37
ENSG00000177558	148109	3
ENSG00000177599	126069	769
ENSG00000178084	170572	32
ENSG00000178201	57191	11
ENSG00000178229	125919	3
ENSG00000178386	7766	3
ENSG00000178732	2814	1041
ENSG00000178772	1370	42
ENSG00000178904	147991	10
ENSG00000178934	653499	27
ENSG00000178947	399668	27
ENSG00000178974	55030	4
ENSG00000178982	27335	108
ENSG00000179008	317761	13
ENSG00000179134	55095	14
ENSG00000179168	199720	29
ENSG00000179222	9500	90
ENSG00000179241	143458	25
ENSG00000179364	23241	82
ENSG00000179431	24147	29
ENSG00000179454	54813	1
ENSG00000179455	7681	192
ENSG00000179476	122525	9
ENSG00000179542	139065	17
ENSG00000179600	122876	456
ENSG00000179627	100128927	3
ENSG00000179636	122664	25
ENSG00000179709	126205	8
ENSG00000179751	342898	26
ENSG00000179820	91663	32
ENSG00000179841	9495	209
ENSG00000179846	284353	2
ENSG00000179873	204801	22
ENSG00000179922	147808	1
ENSG00000179933	55017	3
ENSG00000179943	84922	5
ENSG00000179954	284297	11
ENSG00000180008	122809	54
ENSG00000180043	284418	3
ENSG00000180061	284417	11
ENSG00000180089	255043	8
ENSG00000180182	9282	53
ENSG00000180210	2147	42834
ENSG00000180257	125893	14
ENSG00000180370	5062	476
ENSG00000180423	283254	1
ENSG00000180479	51276	3
ENSG00000180611	151963	7
ENSG00000180720	1132	52
ENSG00000180739	53637	202
ENSG00000180772	186	411
ENSG00000180834	79929	8
ENSG00000180884	126375	5
ENSG00000180998	283554	1
ENSG00000181007	284406	15
ENSG00000181027	79147	270
ENSG00000181092	9370	18425
ENSG00000181392	163183	14
ENSG00000181552	64184	15
ENSG00000181562	10876	26
ENSG00000181619	64582	12
ENSG00000181666	284459	11
ENSG00000181803	341799	2
ENSG00000181830	55343	46
ENSG00000182013	55228	769
ENSG00000182107	161291	20
ENSG00000182111	441234	3
ENSG00000182185	5890	301
ENSG00000182195	23641	51
ENSG00000182218	84439	7
ENSG00000182220	10159	646
ENSG00000182255	3739	288
ENSG00000182256	2567	63
ENSG00000182393	282618	679
ENSG00000182400	122553	17
ENSG00000182472	147968	9
ENSG00000182512	51218	116
ENSG00000182521	387332	98
ENSG00000182545	338879	6
ENSG00000182580	2049	148
ENSG00000182583	26609	34
ENSG00000182636	4692	189
ENSG00000182652	441669	12
ENSG00000182732	9628	89
ENSG00000182809	1397	84
ENSG00000182870	50614	22
ENSG00000182872	8241	208
ENSG00000182899	6165	66
ENSG00000182979	9112	508
ENSG00000182986	162967	3
ENSG00000183032	89874	34
ENSG00000183092	57596	11
ENSG00000183337	54880	676
ENSG00000183379	646658	3
ENSG00000183401	126075	2
ENSG00000183434	51270	104
ENSG00000183484	29933	137
ENSG00000183576	84193	66
ENSG00000183597	128989	42
ENSG00000183631	100130613	1
ENSG00000183647	348327	2
ENSG00000183648	4707	17
ENSG00000183690	80258	18
ENSG00000183709	282616	260
ENSG00000183760	390928	4
ENSG00000183773	150209	24
ENSG00000183828	256281	16
ENSG00000183918	4068	1066
ENSG00000184058	6899	1061
ENSG00000184113	7122	1005
ENSG00000184203	5504	83
ENSG00000184302	4990	118
ENSG00000184304	5587	864
ENSG00000184394	390437	769
ENSG00000184436	80764	14
ENSG00000184470	10587	246
ENSG00000184601	400258	6
ENSG00000184635	81931	9
ENSG00000184702	5413	117
ENSG00000184785	644538	2
ENSG00000184887	90135	6
ENSG00000184916	3714	341
ENSG00000184937	7490	5024
ENSG00000184990	10572	78
ENSG00000185024	2972	136
ENSG00000185070	23768	52
ENSG00000185100	122622	20
ENSG00000185112	131583	9
ENSG00000185215	7127	102
ENSG00000185246	55015	9
ENSG00000185271	123103	4
ENSG00000185347	283643	2
ENSG00000185559	8788	1040
ENSG00000185567	113146	78
ENSG00000185608	64976	14
ENSG00000185621	89782	254
ENSG00000185650	677	146
ENSG00000185753	159013	2
ENSG00000185792	338321	28
ENSG00000185798	348793	3
ENSG00000185800	1762	14
ENSG00000185823	23742	13
ENSG00000185838	54584	26
ENSG00000185869	374899	769
ENSG00000185897	2865	239
ENSG00000185947	10308	19
ENSG00000186001	84859	2
ENSG00000186017	84924	4
ENSG00000186020	57711	4
ENSG00000186026	342909	3
ENSG00000186038	285242	34
ENSG00000186090	200909	20
ENSG00000186136	353164	9
ENSG00000186230	388567	2
ENSG00000186272	7565	4
ENSG00000186297	2558	108
ENSG00000186326	388531	25
ENSG00000186376	7626	3
ENSG00000186416	55922	184
ENSG00000186469	54331	49
ENSG00000186471	158798	2
ENSG00000186567	56971	11
ENSG00000186648	90668	7
ENSG00000186714	493860	3
ENSG00000186787	474343	1
ENSG00000186818	11006	238
ENSG00000186838	348303	20
ENSG00000186910	256394	12
ENSG00000187068	285382	3
ENSG00000187097	957	99
ENSG00000187105	399671	4
ENSG00000187116	353514	53
ENSG00000187135	342865	8
ENSG00000187187	339327	1
ENSG00000187244	4059	136
ENSG00000187266	2057	1575
ENSG00000187474	2359	120
ENSG00000187479	387763	28
ENSG00000187516	25763	2
ENSG00000187527	344905	8
ENSG00000187550	646643	6
ENSG00000187581	341947	6
ENSG00000187630	317749	9
ENSG00000187682	3266	75
ENSG00000187690	340602	14
ENSG00000187790	57697	270
ENSG00000187808	347454	2
ENSG00000187848	22953	57
ENSG00000187902	729956	6
ENSG00000187905	400891	2
ENSG00000187994	126432	4
ENSG00000188001	285386	23
ENSG00000188227	390927	5
ENSG00000188283	163087	3
ENSG00000188293	374918	17
ENSG00000188321	84527	1
ENSG00000188368	284338	1
ENSG00000188425	339345	47
ENSG00000188488	5104	359
ENSG00000188493	284325	769
ENSG00000188505	342897	17
ENSG00000188508	388533	20
ENSG00000188624	388555	2
ENSG00000188629	7730	10
ENSG00000188655	390443	9
ENSG00000188706	51114	64
ENSG00000188729	344901	79
ENSG00000188766	399473	17
ENSG00000188785	147694	769
ENSG00000188937	60506	151
ENSG00000188958	257313	77
ENSG00000189001	374897	48
ENSG00000189037	63904	3
ENSG00000189042	163081	769
ENSG00000189058	347	560
ENSG00000189068	284415	36
ENSG00000189114	388552	21
ENSG00000189139	84075	9
ENSG00000189144	126231	5
ENSG00000189164	84503	1
ENSG00000189180	7581	9
ENSG00000189181	401994	3
ENSG00000189190	162966	2
ENSG00000189221	4128	3079
ENSG00000189252	139067	769
ENSG00000189326	441525	1
ENSG00000189369	23708	26
ENSG00000189377	284340	117
ENSG00000196083	3556	312
ENSG00000196109	163223	15
ENSG00000196110	374879	15
ENSG00000196136	12	2125
ENSG00000196150	58500	5
ENSG00000196172	148213	4
ENSG00000196214	90321	1
ENSG00000196218	6261	1848
ENSG00000196235	6829	153
ENSG00000196263	57573	19
ENSG00000196267	162962	4
ENSG00000196268	284443	4
ENSG00000196361	1995	111
ENSG00000196368	55190	33
ENSG00000196378	80778	5
ENSG00000196387	7699	3
ENSG00000196405	51466	76
ENSG00000196406	64648	2
ENSG00000196437	148266	28
ENSG00000196458	100289635	1
ENSG00000196497	79711	38
ENSG00000196553	440184	2
ENSG00000196605	162993	769
ENSG00000196605	100505555	769
ENSG00000196646	7695	5
ENSG00000196663	9895	28
ENSG00000196666	399888	7
ENSG00000196757	90592	4
ENSG00000196792	29966	37
ENSG00000196832	390439	769
ENSG00000196860	387990	2
ENSG00000196867	140612	2
ENSG00000196943	161424	10
ENSG00000196944	127074	2
ENSG00000196967	199704	1
ENSG00000196972	644596	3
ENSG00000196998	11152	161
ENSG00000197013	353088	9
ENSG00000197016	388566	9
ENSG00000197019	29950	59
ENSG00000197020	163227	4
ENSG00000197044	126068	3
ENSG00000197045	2764	160
ENSG00000197050	147923	22
ENSG00000197054	284390	1530
ENSG00000197102	1778	234
ENSG00000197110	282617	1967
ENSG00000197119	123096	14
ENSG00000197124	91120	5
ENSG00000197128	400720	3
ENSG00000197134	113835	3
ENSG00000197213	342933	2
ENSG00000197249	5265	9858
ENSG00000197256	25959	33
ENSG00000197324	26020	48
ENSG00000197360	148198	3
ENSG00000197363	340385	4
ENSG00000197380	147906	27
ENSG00000197405	728	4316
ENSG00000197406	1735	366
ENSG00000197408	1555	6055
ENSG00000197446	1572	88
ENSG00000197483	89887	5
ENSG00000197487	85569	102
ENSG00000197555	26037	17
ENSG00000197608	284371	769
ENSG00000197616	4624	877
ENSG00000197619	284370	3
ENSG00000197647	163059	6
ENSG00000197714	10794	17
ENSG00000197776	122773	6
ENSG00000197779	347344	16
ENSG00000197782	284323	4
ENSG00000197808	92283	6
ENSG00000197838	1553	210
ENSG00000197841	339318	2
ENSG00000197863	388536	1
ENSG00000197870	5544	102
ENSG00000197930	30001	223
ENSG00000197933	55552	7
ENSG00000197935	282890	9
ENSG00000197951	58491	17
ENSG00000197961	7675	6
ENSG00000198003	115948	11
ENSG00000198021	30014	41
ENSG00000198028	147741	4
ENSG00000198033	7278	11
ENSG00000198040	7637	5
ENSG00000198046	63934	58
ENSG00000198093	65251	8
ENSG00000198104	254879	1
ENSG00000198105	57209	18
ENSG00000198133	161145	6
ENSG00000198169	90987	6
ENSG00000198182	84775	1
ENSG00000198208	83694	8
ENSG00000198252	6815	25
ENSG00000198258	59286	40
ENSG00000198300	5178	298
ENSG00000198354	340578	3
ENSG00000198393	7574	9
ENSG00000198398	131920	9
ENSG00000198429	7620	8
ENSG00000198440	147949	4
ENSG00000198453	374900	5
ENSG00000198464	147657	6
ENSG00000198471	344892	3
ENSG00000198482	388558	5
ENSG00000198513	51062	534
ENSG00000198521	7594	13
ENSG00000198538	7576	5
ENSG00000198551	199692	6
ENSG00000198554	11169	80
ENSG00000198573	64663	14
ENSG00000198597	9745	17
ENSG00000198604	11177	79
ENSG00000198633	147658	1
ENSG00000198668	801	8701
ENSG00000198689	10479	135
ENSG00000198718	23116	18
ENSG00000198732	64093	330
ENSG00000198752	9578	43
ENSG00000198805	4860	1238
ENSG00000198807	5083	324
ENSG00000198836	4976	1256
ENSG00000198889	139170	7
ENSG00000198894	85457	9
ENSG00000198918	6170	29
ENSG00000203485	64423	185
ENSG00000203618	2812	194
ENSG00000203926	728712	2
ENSG00000203933	347487	2
ENSG00000203950	26071	1
ENSG00000203952	347475	1
ENSG00000204019	203413	48
ENSG00000204524	390980	1
ENSG00000204532	649137	1
ENSG00000204577	11025	124
ENSG00000204583	100507055	769
ENSG00000204604	90333	8
ENSG00000204611	90317	1
ENSG00000204701	442186	6
ENSG00000204702	442185	769
ENSG00000204703	442184	3
ENSG00000204704	26692	11
ENSG00000204713	5987	409
ENSG00000204851	57469	769
ENSG00000204866	147920	29
ENSG00000204869	444882	1
ENSG00000204920	7711	3
ENSG00000204936	57126	896
ENSG00000204978	100170765	1
ENSG00000205076	3963	195
ENSG00000205126	390110	1
ENSG00000205138	644096	29
ENSG00000205155	55851	262
ENSG00000205177	100131378	769
ENSG00000205209	284402	2
ENSG00000205213	55366	201
ENSG00000205436	91828	4
ENSG00000205476	317762	10
ENSG00000205517	57139	25
ENSG00000205659	91750	22
ENSG00000205667	347527	620
ENSG00000205683	8110	41
ENSG00000205835	647309	26
ENSG00000205978	57523	11
ENSG00000206150	440163	16
ENSG00000206190	57194	57
ENSG00000206203	23617	27
ENSG00000211448	1734	485
ENSG00000212124	259294	16
ENSG00000212126	259296	18
ENSG00000212127	50840	184
ENSG00000212127	106707243	769
ENSG00000212747	441518	769
ENSG00000213015	51157	38
ENSG00000213020	81856	8
ENSG00000213096	9534	4
ENSG00000213123	255758	14
ENSG00000213139	1427	99
ENSG00000213145	1396	125
ENSG00000213231	9623	21
ENSG00000213339	81890	95
ENSG00000213463	55333	66
ENSG00000213619	4722	78
ENSG00000213741	6235	53
ENSG00000213793	388559	769
ENSG00000213889	147699	5
ENSG00000213892	388551	11
ENSG00000213903	1241	415
ENSG00000213906	56413	177
ENSG00000213920	145553	31
ENSG00000213921	342900	34
ENSG00000213928	10379	809
ENSG00000213965	390916	7
ENSG00000213967	730087	4
ENSG00000213983	8906	18
ENSG00000213988	7643	12
ENSG00000214029	101060200	769
ENSG00000214097	255798	5
ENSG00000214160	10195	72
ENSG00000214212	255809	769
ENSG00000214274	283	1579
ENSG00000214943	2856	4
ENSG00000215012	79680	123
ENSG00000215274	102724473	3
ENSG00000215277	100507650	4
ENSG00000215301	1654	696
ENSG00000215612	3166	27
ENSG00000216588	147710	4
ENSG00000218891	163033	3
ENSG00000220201	100125288	2
ENSG00000221874	100529240	769
ENSG00000221923	400713	9
ENSG00000221946	53822	11
ENSG00000221977	26686	1
ENSG00000221994	57232	3
ENSG00000222028	122706	23
ENSG00000223547	284391	4
ENSG00000223591	389857	2
ENSG00000223638	342931	7
ENSG00000224107	100129515	769
ENSG00000224109	347549	769
ENSG00000224659	729396	2
ENSG00000226174	647310	2
ENSG00000226761	259292	33
ENSG00000226763	100170229	769
ENSG00000227051	56967	9
ENSG00000227234	728695	27
ENSG00000227729	647286	4
ENSG00000229292	729974	769
ENSG00000229674	115482686	769
ENSG00000229676	57615	6
ENSG00000230657	5545	11
ENSG00000230707	389895	1
ENSG00000231274	100130827	3
ENSG00000231887	5554	102
ENSG00000232070	643382	769
ENSG00000232119	28985	56
ENSG00000233493	388564	1
ENSG00000234409	388849	1
ENSG00000234465	390940	3
ENSG00000234776	143678	4
ENSG00000234906	344	1247
ENSG00000235194	90673	2
ENSG00000237440	100129842	3
ENSG00000237452	388553	2
ENSG00000237521	26648	2
ENSG00000238205	347411	3
ENSG00000239382	84964	6
ENSG00000239961	23547	51
ENSG00000239998	11027	42
ENSG00000241973	5297	92
ENSG00000242019	115653	100
ENSG00000242259	128977	769
ENSG00000243207	692312	769
ENSG00000243279	11230	27
ENSG00000243772	3804	529
ENSG00000244165	5032	162
ENSG00000244405	2119	258
ENSG00000244482	79168	45
ENSG00000245680	92285	4
ENSG00000245848	1050	4301
ENSG00000247077	192111	191
ENSG00000248098	593	665
ENSG00000248385	441864	6
ENSG00000249115	23354	4
ENSG00000249861	148003	229
ENSG00000250366	100507043	14
ENSG00000250423	57481	6
ENSG00000250799	58510	22
ENSG00000251192	641339	19
ENSG00000251247	25850	3
ENSG00000251369	162972	769
ENSG00000253548	152138	45
ENSG00000254004	339324	3
ENSG00000254505	29082	89
ENSG00000254585	54551	142
ENSG00000254656	388015	95
ENSG00000255374	259289	26
ENSG00000255526	100528064	769
ENSG00000255582	26534	769
ENSG00000255804	79549	769
ENSG00000255837	259295	9
ENSG00000256053	84334	30
ENSG00000256060	10597	5
ENSG00000256087	9668	5
ENSG00000256188	259293	2
ENSG00000256223	7556	39
ENSG00000256229	90649	6
ENSG00000256294	7768	5
ENSG00000256436	259290	16
ENSG00000256537	100129361	3
ENSG00000256683	59348	54
ENSG00000257103	26065	46
ENSG00000257365	2342	22
ENSG00000257446	729747	3
ENSG00000257520	253970	122
ENSG00000257591	90589	4
ENSG00000257704	255783	2
ENSG00000258289	91612	15
ENSG00000258405	147660	1
ENSG00000258436	493901	3
ENSG00000258597	390502	431
ENSG00000258643	100529063	769
ENSG00000258644	100529257	769
ENSG00000258818	6038	47
ENSG00000258873	503835	16
ENSG00000258986	388021	1
ENSG00000259431	79178	30
ENSG00000259823	646627	8
ENSG00000261221	100507290	4
ENSG00000261857	8190	262
ENSG00000262484	643669	4
ENSG00000263002	10780	16
ENSG00000266964	5348	182
ENSG00000267041	342892	769
ENSG00000267467	346	64
ENSG00000267508	26974	2
ENSG00000267534	9294	549
ENSG00000267673	112812	41
ENSG00000267680	7767	33
ENSG00000267710	100506374	769
ENSG00000267796	55957	17
ENSG00000267909	56936	9
ENSG00000268041	390937	1
ENSG00000268104	11254	138
ENSG00000268182	147670	769
ENSG00000268696	646864	769
ENSG00000268940	541466	36
ENSG00000268964	100271846	6
ENSG00000268988	494119	2
ENSG00000269190	115290	15
ENSG00000269313	79917	2
ENSG00000269526	147664	6
ENSG00000269699	23619	15
ENSG00000269825	122539214	769
ENSG00000270011	100529215	769
ENSG00000270170	152217	3
ENSG00000272333	9757	433
ENSG00000272395	101180976	208
ENSG00000273111	147719	105
ENSG00000273173	8926	75
ENSG00000273749	23191	137
ENSG00000273777	125931	5
ENSG00000273820	389856	23
ENSG00000273976	283767	769
ENSG00000274274	645051	1
ENSG00000274588	139189	23
ENSG00000275004	140883	5
ENSG00000275183	94059	6
ENSG00000275395	8857	120
ENSG00000275778	100533464	769
ENSG00000275835	114791	58
ENSG00000276240	26687	769
ENSG00000276380	389898	4
ENSG00000277531	110806277	769
ENSG00000277535	727838	769
ENSG00000278318	7772	2
ENSG00000282419	100132015	2
ENSG00000282815	100129520	2
ENSG00000283071	107984640	769
ENSG00000283093	441495	2
ENSG00000283567	111064650	769
ENSG00000283632	90332	23
ENSG00000283644	110806299	769
ENSG00000283654	100128908	769
ENSG00000283758	111216276	769
ENSG00000284130	113691	1
ENSG00000284753	110599564	769
ENSG00000284874	100526833	769
ENSG00000284917	110599583	769
ENSG00000285938	122526776	769
ENSG00000286025	117134596	769
ENSG00000288920	388524	2
ENSG00000290292	57594	9
